Ability,Pokemon,Game's Text,In-Depth Effect,Ability URL
Anger Shell,Klawf,"When an attack causes its HP to drop to half or less, the Pokémon gets angry. This lowers its Defense and Sp. Def stats but boosts its Attack, Sp. Atk, and Speed stats.",,https://www.serebii.net/abilitydex/angershell.shtml
Anticipation,Flittle,The Pokémon can sense an opposing Pokémon's dangerous moves.,Warns when the foe knows 1-hit KO or super-effective moves.,https://www.serebii.net/abilitydex/anticipation.shtml
Armor Tail,Farigiraf,The mysterious tail covering the Pokémon's head makes opponents unable to use priority moves against the Pokémon or its allies.,,https://www.serebii.net/abilitydex/armortail.shtml
Aroma Veil,Lechonk,Protects itself and its allies from attacks that limit their move choices.,,https://www.serebii.net/abilitydex/aromaveil.shtml
Aroma Veil,Dachsbun,Protects itself and its allies from attacks that limit their move choices.,,https://www.serebii.net/abilitydex/aromaveil.shtml
Beads of Ruin,Chi-Yu,The power of the Pokémon's ruinous beads lowers the Sp. Def stats of all Pokémon except itself.,,https://www.serebii.net/abilitydex/beadsofruin.shtml
Big Pecks,Bombirdier,Protects the Pokémon from Defense-lowering effects.,,https://www.serebii.net/abilitydex/bigpecks.shtml
Blaze,Fuecoco,Powers up Fire-type moves when the Pokémon's HP is low.,"When HP is below 1/3rd its maximum, power of Fire-type moves is increased by 50%.",https://www.serebii.net/abilitydex/blaze.shtml
Blaze,Crocalor,Powers up Fire-type moves when the Pokémon's HP is low.,"When HP is below 1/3rd its maximum, power of Fire-type moves is increased by 50%.",https://www.serebii.net/abilitydex/blaze.shtml
Blaze,Skeledirge,Powers up Fire-type moves when the Pokémon's HP is low.,"When HP is below 1/3rd its maximum, power of Fire-type moves is increased by 50%.",https://www.serebii.net/abilitydex/blaze.shtml
Cheek Pouch,Maushold,Restores HP as well when the Pokémon eats a Berry.,,https://www.serebii.net/abilitydex/cheekpouch.shtml
Chlorophyll,Scovillain,Boosts the Pokémon's Speed stat in sunshine.,"When sunny, the Pokémon’s Speed doubles.",https://www.serebii.net/abilitydex/chlorophyll.shtml
Chlorophyll,Capsakid,Boosts the Pokémon's Speed stat in sunshine.,"When sunny, the Pokémon’s Speed doubles.",https://www.serebii.net/abilitydex/chlorophyll.shtml
Clear Body,Naclstack,Prevents other Pokémon's moves or Abilities from lowering the Pokémon's stats.,Opponents’ moves which lower this Pokémon’s stats have no effect. However this Pokémon may lower its own stats with its own moves.,https://www.serebii.net/abilitydex/clearbody.shtml
Clear Body,Garganacl,Prevents other Pokémon's moves or Abilities from lowering the Pokémon's stats.,Opponents’ moves which lower this Pokémon’s stats have no effect. However this Pokémon may lower its own stats with its own moves.,https://www.serebii.net/abilitydex/clearbody.shtml
Clear Body,Nacli,Prevents other Pokémon's moves or Abilities from lowering the Pokémon's stats.,Opponents’ moves which lower this Pokémon’s stats have no effect. However this Pokémon may lower its own stats with its own moves.,https://www.serebii.net/abilitydex/clearbody.shtml
Commander,Tatsugiri,"When the Pokémon enters a battle, it goes inside the mouth of an ally Dondozo if one is on the field. The Pokémon then issues commands from there.",Tatsugiri will go into Dondozo's mouth and be unable to be damaged from attacks. Dondozo can no longer switch out. Dondozo's stats all raise by 2 stages,https://www.serebii.net/abilitydex/commander.shtml
Competitive,Kilowattrel,Boosts the Sp. Atk stat sharply when a stat is lowered.,Raises Sp. Atk stat by two stages whenever a stat is lowered,https://www.serebii.net/abilitydex/competitive.shtml
Competitive,Wattrel,Boosts the Sp. Atk stat sharply when a stat is lowered.,Raises Sp. Atk stat by two stages whenever a stat is lowered,https://www.serebii.net/abilitydex/competitive.shtml
Compoundeyes,Rellor,The Pokémon's compound eyes boost its accuracy.,Raises the Pokémon’s accuracy by 30%.,https://www.serebii.net/abilitydex/compoundeyes.shtml
Corrosion,Glimmora,The Pokémon can poison the target even if it's a Steel or Poison type.,,https://www.serebii.net/abilitydex/corrosion.shtml
Corrosion,Glimmet,The Pokémon can poison the target even if it's a Steel or Poison type.,,https://www.serebii.net/abilitydex/corrosion.shtml
Costar,Flamigo,"When the Pokémon enters a battle, it copies an ally's stat changes.",,https://www.serebii.net/abilitydex/costar.shtml
Cud Chew,Farigiraf,"When the Pokémon eats a Berry, it will regurgitate that Berry at the end of the next turn and eat it one more time.",,https://www.serebii.net/abilitydex/cudchew.shtml
Damp,Tadbulb,Prevents the use of explosive moves such as Self-Destruct by dampening its surroundings.,"Explosion, Selfdestruct, Mind Blown & Misty Explosion will not work while the Pokémon is on the field.",https://www.serebii.net/abilitydex/damp.shtml
Damp,Bellibolt,Prevents the use of explosive moves such as Self-Destruct by dampening its surroundings.,"Explosion, Selfdestruct, Mind Blown & Misty Explosion will not work while the Pokémon is on the field.",https://www.serebii.net/abilitydex/damp.shtml
Defiant,Kingambit,Boosts the Pokémon's Attack stat sharply when its stats are lowered.,Attack is raised by two stages when the Pokémon has its stats lowered. Doesn't work on self inflicted stat drops or drops from allies,https://www.serebii.net/abilitydex/defiant.shtml
Defiant,Annihilape,Boosts the Pokémon's Attack stat sharply when its stats are lowered.,Attack is raised by two stages when the Pokémon has its stats lowered. Doesn't work on self inflicted stat drops or drops from allies,https://www.serebii.net/abilitydex/defiant.shtml
Early Bird,Dolliv,The Pokémon awakens twice as fast as other Pokémon from sleep.,"Sleep conditions lasts for half as long, rounding down. For example, half of three turns is 1.5, which rounds down to one turn. When the number of turns to sleep is one, half of this rounded down is zero, and the Pokémon wakes up instantly.",https://www.serebii.net/abilitydex/earlybird.shtml
Early Bird,Smoliv,The Pokémon awakens twice as fast as other Pokémon from sleep.,"Sleep conditions lasts for half as long, rounding down. For example, half of three turns is 1.5, which rounds down to one turn. When the number of turns to sleep is one, half of this rounded down is zero, and the Pokémon wakes up instantly.",https://www.serebii.net/abilitydex/earlybird.shtml
Earth Eater,Orthworm,"If hit by a Ground-type move, the Pokémon has its HP restored instead of taking damage.",The user recovers 25% of its maximum Hit Points when a Ground-type move is used against it,https://www.serebii.net/abilitydex/eartheater.shtml
Electromorphosis,Bellibolt,"The Pokémon becomes charged when it takes damage, boosting the power of the next Electric-type move the Pokémon uses.",,https://www.serebii.net/abilitydex/electromorphosis.shtml
Filter,Revavroom,Reduces the power of supereffective attacks taken.,Damage by super-effective moves is reduced by 25%.,https://www.serebii.net/abilitydex/filter.shtml
Flame Body,Charcadet,Contact with the Pokémon may burn the attacker.,"The opponent has a 30% chance of being induced with Burn when using an attack, that requires physical contact, against this Pokémon.",https://www.serebii.net/abilitydex/flamebody.shtml
Flash Fire,Charcadet,Powers up the Pokémon's Fire-type moves if it's hit by one.,"Activates when user is hit by a damaging Fire-type move (including Fire-type Hidden Power). Once activated, user’s Fire-type moves deal 1.5 times damage. While this ability is in effect, this Pokémon is immune to damage from Fire-type attacks and Fire-type Hidden Power (accuracy and effect from these moves are ignored). For Fire-type Pokémon with this ability, Will-O-Wisp activates this ability without having an effect. If a non-Fire-type Pokémon has this ability, Will-O-Wisp will activate the ability and will have an effect.",https://www.serebii.net/abilitydex/flashfire.shtml
Flash Fire,Armarouge,Powers up the Pokémon's Fire-type moves if it's hit by one.,"Activates when user is hit by a damaging Fire-type move (including Fire-type Hidden Power). Once activated, user’s Fire-type moves deal 1.5 times damage. While this ability is in effect, this Pokémon is immune to damage from Fire-type attacks and Fire-type Hidden Power (accuracy and effect from these moves are ignored). For Fire-type Pokémon with this ability, Will-O-Wisp activates this ability without having an effect. If a non-Fire-type Pokémon has this ability, Will-O-Wisp will activate the ability and will have an effect.",https://www.serebii.net/abilitydex/flashfire.shtml
Flash Fire,Ceruledge,Powers up the Pokémon's Fire-type moves if it's hit by one.,"Activates when user is hit by a damaging Fire-type move (including Fire-type Hidden Power). Once activated, user’s Fire-type moves deal 1.5 times damage. While this ability is in effect, this Pokémon is immune to damage from Fire-type attacks and Fire-type Hidden Power (accuracy and effect from these moves are ignored). For Fire-type Pokémon with this ability, Will-O-Wisp activates this ability without having an effect. If a non-Fire-type Pokémon has this ability, Will-O-Wisp will activate the ability and will have an effect.",https://www.serebii.net/abilitydex/flashfire.shtml
Fluffy,Greavard,"Halves the damage taken from moves that make direct contact, but doubles that of Fire-type moves.",,https://www.serebii.net/abilitydex/fluffy.shtml
Fluffy,Houndstone,"Halves the damage taken from moves that make direct contact, but doubles that of Fire-type moves.",,https://www.serebii.net/abilitydex/fluffy.shtml
Friend Guard,Maushold,Reduces damage done to allies.,"In Double & Triple battles, the damage that ally Pokémon receive from attacks is reduced by 25%.",https://www.serebii.net/abilitydex/friendguard.shtml
Frisk,Flittle,"When it enters a battle, the Pokémon can check an opposing Pokémon's held item.",Reveals the foe’s held item.,https://www.serebii.net/abilitydex/frisk.shtml
Frisk,Espathra,"When it enters a battle, the Pokémon can check an opposing Pokémon's held item.",Reveals the foe’s held item.,https://www.serebii.net/abilitydex/frisk.shtml
Gluttony,Lechonk,"Makes the Pokémon eat a held Berry when its HP drops to half or less, which is sooner than usual.",The Pokémon will use a berry when its Hit Points are below 50%.,https://www.serebii.net/abilitydex/gluttony.shtml
Gluttony,Oinkologne,"Makes the Pokémon eat a held Berry when its HP drops to half or less, which is sooner than usual.",The Pokémon will use a berry when its Hit Points are below 50%.,https://www.serebii.net/abilitydex/gluttony.shtml
Good as Gold,Gholdengo,"A body of pure, solid gold gives the Pokémon full immunity to other Pokémon's status moves.",,https://www.serebii.net/abilitydex/goodasgold.shtml
Gooey,Wiglett,Contact with the Pokémon lowers the attacker's Speed stat.,Lowers the opponent's Speed by one stage when it makes physical contact.,https://www.serebii.net/abilitydex/gooey.shtml
Gooey,Wugtrio,Contact with the Pokémon lowers the attacker's Speed stat.,Lowers the opponent's Speed by one stage when it makes physical contact.,https://www.serebii.net/abilitydex/gooey.shtml
Guard Dog,Mabosstiff,Boosts the Pokémon's Attack stat if intimidated. Moves and items that would force the Pokémon to switch out also fail to work.,,https://www.serebii.net/abilitydex/guarddog.shtml
Guts,Squawkabilly,It's so gutsy that having a status condition boosts the Pokémon's Attack stat.,"Attack is increased by 50% when induced with a status (BURN, PARALYZE, SLEEP, POISON, FREEZE). Burn’s effect of lowering Attack is not applied.",https://www.serebii.net/abilitydex/guts.shtml
Hadron Engine,Miraidon,Turns the ground into Electric Terrain when the Pokémon enters a battle. The futuristic engine within the Pokémon also boosts its Sp. Atk stat on Electric Terrain.,,https://www.serebii.net/abilitydex/hadronengine.shtml
Harvest,Smoliv,May create another Berry after one is used.,"The Pokémon has a 50% chance of restoring a consumed berry. During sunshine, this chance increases to 100%",https://www.serebii.net/abilitydex/harvest.shtml
Harvest,Dolliv,May create another Berry after one is used.,"The Pokémon has a 50% chance of restoring a consumed berry. During sunshine, this chance increases to 100%",https://www.serebii.net/abilitydex/harvest.shtml
Harvest,Arboliva,May create another Berry after one is used.,"The Pokémon has a 50% chance of restoring a consumed berry. During sunshine, this chance increases to 100%",https://www.serebii.net/abilitydex/harvest.shtml
Hustle,Squawkabilly,"Boosts the Attack stat, but lowers accuracy.","Damage from physical attacks is increased by 50%, but average accuracy is only 80%.",https://www.serebii.net/abilitydex/hustle.shtml
Ice Body,Arctibax,The Pokémon gradually regains HP in a hailstorm.,HP is restored by 1/16th of maximum HP when its hailing.,https://www.serebii.net/abilitydex/icebody.shtml
Ice Body,Baxcalibur,The Pokémon gradually regains HP in a hailstorm.,HP is restored by 1/16th of maximum HP when its hailing.,https://www.serebii.net/abilitydex/icebody.shtml
Ice Body,Frigibax,The Pokémon gradually regains HP in a hailstorm.,HP is restored by 1/16th of maximum HP when its hailing.,https://www.serebii.net/abilitydex/icebody.shtml
Infiltrator,Bramblin,"Passes through the opposing Pokémon's barrier, substitute, and the like and strikes.","The protections and stat boosts caused by the moves Substitute, Reflect, Light Screen and Safeguard by the opponent are ignored.",https://www.serebii.net/abilitydex/infiltrator.shtml
Infiltrator,Brambleghast,"Passes through the opposing Pokémon's barrier, substitute, and the like and strikes.","The protections and stat boosts caused by the moves Substitute, Reflect, Light Screen and Safeguard by the opponent are ignored.",https://www.serebii.net/abilitydex/infiltrator.shtml
Inner Focus,Annihilape,"The Pokémon's intensely focused, and that protects the Pokémon from flinching.",This Pokémon will not flinch. Does not prevent flinching with Focus Punch. Also prevents stats from being lowered by the ability Intimidate,https://www.serebii.net/abilitydex/innerfocus.shtml
Insomnia,Scovillain,The Pokémon is suffering from insomnia and cannot fall asleep.,The Pokémon cannot be put to Sleep while having this ability.,https://www.serebii.net/abilitydex/insomnia.shtml
Insomnia,Capsakid,The Pokémon is suffering from insomnia and cannot fall asleep.,The Pokémon cannot be put to Sleep while having this ability.,https://www.serebii.net/abilitydex/insomnia.shtml
Insomnia,Spidops,The Pokémon is suffering from insomnia and cannot fall asleep.,The Pokémon cannot be put to Sleep while having this ability.,https://www.serebii.net/abilitydex/insomnia.shtml
Insomnia,Tarountula,The Pokémon is suffering from insomnia and cannot fall asleep.,The Pokémon cannot be put to Sleep while having this ability.,https://www.serebii.net/abilitydex/insomnia.shtml
Intimidate,Mabosstiff,"The Pokémon intimidates opposing Pokémon upon entering battle, lowering their Attack stat.","Upon entering battle, the opponent’s Attack lowers one stage. In a Double Battle, both opponents’ Attack are lowered. Pokémon with the Clear Body, Hyper Cutter, or White Smoke ability are unaffected. In a link battle, if both sides switch on the same turn, and first player sends out a Pokémon with Intimidate, the opponent’s Attack will be lowered before the opponent’s Pokémon switches. ",https://www.serebii.net/abilitydex/intimidate.shtml
Intimidate,Squawkabilly,"The Pokémon intimidates opposing Pokémon upon entering battle, lowering their Attack stat.","Upon entering battle, the opponent’s Attack lowers one stage. In a Double Battle, both opponents’ Attack are lowered. Pokémon with the Clear Body, Hyper Cutter, or White Smoke ability are unaffected. In a link battle, if both sides switch on the same turn, and first player sends out a Pokémon with Intimidate, the opponent’s Attack will be lowered before the opponent’s Pokémon switches. ",https://www.serebii.net/abilitydex/intimidate.shtml
Intimidate,Maschiff,"The Pokémon intimidates opposing Pokémon upon entering battle, lowering their Attack stat.","Upon entering battle, the opponent’s Attack lowers one stage. In a Double Battle, both opponents’ Attack are lowered. Pokémon with the Clear Body, Hyper Cutter, or White Smoke ability are unaffected. In a link battle, if both sides switch on the same turn, and first player sends out a Pokémon with Intimidate, the opponent’s Attack will be lowered before the opponent’s Pokémon switches. ",https://www.serebii.net/abilitydex/intimidate.shtml
Iron Fist,Pawmot,Powers up punching moves.,The power of punching moves is increased by 20%.,https://www.serebii.net/abilitydex/ironfist.shtml
Iron Fist,Pawmo,Powers up punching moves.,The power of punching moves is increased by 20%.,https://www.serebii.net/abilitydex/ironfist.shtml
Iron Fist,Pawmi,Powers up punching moves.,The power of punching moves is increased by 20%.,https://www.serebii.net/abilitydex/ironfist.shtml
Keen Eye,Bombirdier,Keen eyes prevent other Pokémon from lowering this Pokémon's accuracy.,Opponent cannot lower this Pokémon’s accuracy. The Pokémon ignores evasion boosts of the opponent,https://www.serebii.net/abilitydex/keeneye.shtml
Klutz,Capsakid,The Pokémon can't use any held items.,"The Pokémon cannot receive any effect of hold items except those that affect experience, EVs, friendship etc. such as Amulet Coin, Soothe Bell, Lucky Egg, Exp.Share, Macho Brace or the Power Items.",https://www.serebii.net/abilitydex/klutz.shtml
Klutz,Fidough,The Pokémon can't use any held items.,"The Pokémon cannot receive any effect of hold items except those that affect experience, EVs, friendship etc. such as Amulet Coin, Soothe Bell, Lucky Egg, Exp.Share, Macho Brace or the Power Items.",https://www.serebii.net/abilitydex/klutz.shtml
Lingering Aroma,Oinkologne,Contact with the Pokémon changes the attacker's Ability to Lingering Aroma.,,https://www.serebii.net/abilitydex/lingeringaroma.shtml
Mold Breaker,Tinkaton,Moves can be used on the target regardless of its Abilities.,The Pokémon's moves are not affected by foe’s abilities during battle,https://www.serebii.net/abilitydex/moldbreaker.shtml
Mold Breaker,Veluza,Moves can be used on the target regardless of its Abilities.,The Pokémon's moves are not affected by foe’s abilities during battle,https://www.serebii.net/abilitydex/moldbreaker.shtml
Mold Breaker,Tinkatink,Moves can be used on the target regardless of its Abilities.,The Pokémon's moves are not affected by foe’s abilities during battle,https://www.serebii.net/abilitydex/moldbreaker.shtml
Mold Breaker,Tinkatuff,Moves can be used on the target regardless of its Abilities.,The Pokémon's moves are not affected by foe’s abilities during battle,https://www.serebii.net/abilitydex/moldbreaker.shtml
Moody,Scovillain,Raises one stat sharply and lowers another every turn.,"At the end of every turn, a random stat (except Accuracy and Evasion) is raised by two stages while another is lowered by one stage. ",https://www.serebii.net/abilitydex/moody.shtml
Moxie,Quaxly,"The Pokémon shows moxie, and that boosts the Attack stat after knocking out any Pokémon.",Attack is raised by one stage when the Pokémon knocks out another Pokémon,https://www.serebii.net/abilitydex/moxie.shtml
Moxie,Quaquaval,"The Pokémon shows moxie, and that boosts the Attack stat after knocking out any Pokémon.",Attack is raised by one stage when the Pokémon knocks out another Pokémon,https://www.serebii.net/abilitydex/moxie.shtml
Moxie,Quaxwell,"The Pokémon shows moxie, and that boosts the Attack stat after knocking out any Pokémon.",Attack is raised by one stage when the Pokémon knocks out another Pokémon,https://www.serebii.net/abilitydex/moxie.shtml
Mycelium Might,Toedscool,"The Pokémon will always act more slowly when using status moves, but these moves will be unimpeded by the Ability of the target.","If the Pokémon uses a Status move, it will move last in the Speed bracket, but its moves aren't affected by the Ability of the target",https://www.serebii.net/abilitydex/myceliummight.shtml
Mycelium Might,Toedscruel,"The Pokémon will always act more slowly when using status moves, but these moves will be unimpeded by the Ability of the target.","If the Pokémon uses a Status move, it will move last in the Speed bracket, but its moves aren't affected by the Ability of the target",https://www.serebii.net/abilitydex/myceliummight.shtml
Natural Cure,Pawmi,All status conditions heal when the Pokémon switches out.,"The Pokémon’s status (BURN, PARALYZE, SLEEP, POISON, FREEZE) is healed when withdrawn from battle.",https://www.serebii.net/abilitydex/naturalcure.shtml
Natural Cure,Pawmo,All status conditions heal when the Pokémon switches out.,"The Pokémon’s status (BURN, PARALYZE, SLEEP, POISON, FREEZE) is healed when withdrawn from battle.",https://www.serebii.net/abilitydex/naturalcure.shtml
Natural Cure,Pawmot,All status conditions heal when the Pokémon switches out.,"The Pokémon’s status (BURN, PARALYZE, SLEEP, POISON, FREEZE) is healed when withdrawn from battle.",https://www.serebii.net/abilitydex/naturalcure.shtml
Oblivious,Dondozo,"The Pokémon is oblivious, and that keeps it from being infatuated or falling for taunts.","The Pokémon cannot be under the Attract condition, Intimidated, or be taunted, while having this ability.",https://www.serebii.net/abilitydex/oblivious.shtml
Opportunist,Espathra,"If an opponent's stat is boosted, the Pokémon seizes the opportunity to boost the same stat for itself.",,https://www.serebii.net/abilitydex/opportunist.shtml
Orichalcum Pulse,Koraidon,Turns the sunlight harsh when the Pokémon enters a battle. The ancient pulse thrumming through the Pokémon also boosts its Attack stat in harsh sunlight.,,https://www.serebii.net/abilitydex/orichalcumpulse.shtml
Overcoat,Revavroom,"Protects the Pokémon from things like sand, hail, and powder.","Protects Pokémon from Weather Effects and Powder moves such as Sleep Powder, Poison Powder etc. ",https://www.serebii.net/abilitydex/overcoat.shtml
Overcoat,Varoom,"Protects the Pokémon from things like sand, hail, and powder.","Protects Pokémon from Weather Effects and Powder moves such as Sleep Powder, Poison Powder etc. ",https://www.serebii.net/abilitydex/overcoat.shtml
Overgrow,Sprigatito,Powers up Grass-type moves when the Pokémon's HP is low.,"When HP is below 1/3rd its maximum, power of Grass-type moves is increased by 50%.",https://www.serebii.net/abilitydex/overgrow.shtml
Overgrow,Floragato,Powers up Grass-type moves when the Pokémon's HP is low.,"When HP is below 1/3rd its maximum, power of Grass-type moves is increased by 50%.",https://www.serebii.net/abilitydex/overgrow.shtml
Overgrow,Meowscarada,Powers up Grass-type moves when the Pokémon's HP is low.,"When HP is below 1/3rd its maximum, power of Grass-type moves is increased by 50%.",https://www.serebii.net/abilitydex/overgrow.shtml
Own Tempo,Tandemaus,"This Pokémon has its own tempo, and that prevents it from becoming confused.",The Pokémon cannot be Confused while having this ability. Blocks Intimidate,https://www.serebii.net/abilitydex/owntempo.shtml
Own Tempo,Tinkaton,"This Pokémon has its own tempo, and that prevents it from becoming confused.",The Pokémon cannot be Confused while having this ability. Blocks Intimidate,https://www.serebii.net/abilitydex/owntempo.shtml
Own Tempo,Fidough,"This Pokémon has its own tempo, and that prevents it from becoming confused.",The Pokémon cannot be Confused while having this ability. Blocks Intimidate,https://www.serebii.net/abilitydex/owntempo.shtml
Own Tempo,Tinkatink,"This Pokémon has its own tempo, and that prevents it from becoming confused.",The Pokémon cannot be Confused while having this ability. Blocks Intimidate,https://www.serebii.net/abilitydex/owntempo.shtml
Own Tempo,Tadbulb,"This Pokémon has its own tempo, and that prevents it from becoming confused.",The Pokémon cannot be Confused while having this ability. Blocks Intimidate,https://www.serebii.net/abilitydex/owntempo.shtml
Own Tempo,Tinkatuff,"This Pokémon has its own tempo, and that prevents it from becoming confused.",The Pokémon cannot be Confused while having this ability. Blocks Intimidate,https://www.serebii.net/abilitydex/owntempo.shtml
Pickpocket,Shroodle,Steals an item from an attacker that made direct contact.,"When a Pokémon makes physical contact with the Pokémon, the item of the opponent is stolen.",https://www.serebii.net/abilitydex/pickpocket.shtml
Pickpocket,Tinkatink,Steals an item from an attacker that made direct contact.,"When a Pokémon makes physical contact with the Pokémon, the item of the opponent is stolen.",https://www.serebii.net/abilitydex/pickpocket.shtml
Pickpocket,Tinkatuff,Steals an item from an attacker that made direct contact.,"When a Pokémon makes physical contact with the Pokémon, the item of the opponent is stolen.",https://www.serebii.net/abilitydex/pickpocket.shtml
Pickpocket,Tinkaton,Steals an item from an attacker that made direct contact.,"When a Pokémon makes physical contact with the Pokémon, the item of the opponent is stolen.",https://www.serebii.net/abilitydex/pickpocket.shtml
Pickup,Greavard,"The Pokémon may pick up the item an opposing Pokémon used during a battle. It may pick up items outside of battle, too.","Has a 10% chance of finding and holding an item after battle. Will not work if this Pokémon is already holding an item. From Black & White, it allows for the user to pick up the item of its opponent or ally if they used up the item in battle.",https://www.serebii.net/abilitydex/pickup.shtml
Pickup,Tandemaus,"The Pokémon may pick up the item an opposing Pokémon used during a battle. It may pick up items outside of battle, too.","Has a 10% chance of finding and holding an item after battle. Will not work if this Pokémon is already holding an item. From Black & White, it allows for the user to pick up the item of its opponent or ally if they used up the item in battle.",https://www.serebii.net/abilitydex/pickup.shtml
Poison Point,Clodsire,Contact with the Pokémon may poison the attacker.,"The opponent has a 30% chance of being induced with Poison when using an attack, that requires physical contact, against this Pokémon.",https://www.serebii.net/abilitydex/poisonpoint.shtml
Poison Touch,Grafaiai,May poison a target when the Pokémon makes contact.,"When the Pokémon attacks its opponents with a move that causes Physical Contact, there is a 30% chance that the target is Poisoned.",https://www.serebii.net/abilitydex/poisontouch.shtml
Prankster,Grafaiai,Gives priority to a status move.,Status category moves have their Speed Priority increased by 1. Moves increased by this that are used on Dark-type opponents will fail.,https://www.serebii.net/abilitydex/prankster.shtml
Prankster,Shroodle,Gives priority to a status move.,Status category moves have their Speed Priority increased by 1. Moves increased by this that are used on Dark-type opponents will fail.,https://www.serebii.net/abilitydex/prankster.shtml
Pressure,Kingambit,"By putting pressure on the opposing Pokémon, it raises their PP usage.","When this Pokémon is hit by a move, the opponent’s PP lowers by 2 rather than 1. ",https://www.serebii.net/abilitydex/pressure.shtml
Protean,Sprigatito,Changes the Pokémon's type to the type of the move it's about to use.,"Before the Pokémon uses a move, it becomes a pure Pokémon of that type. This only works once per switch in.",https://www.serebii.net/abilitydex/protean.shtml
Protean,Floragato,Changes the Pokémon's type to the type of the move it's about to use.,"Before the Pokémon uses a move, it becomes a pure Pokémon of that type. This only works once per switch in.",https://www.serebii.net/abilitydex/protean.shtml
Protean,Meowscarada,Changes the Pokémon's type to the type of the move it's about to use.,"Before the Pokémon uses a move, it becomes a pure Pokémon of that type. This only works once per switch in.",https://www.serebii.net/abilitydex/protean.shtml
Protosynthesis,Slither Wing,Boosts the Pokémon's most proficient stat in harsh sunlight or if the Pokémon is holding Booster Energy.,Increases the user's highest stat by 30% while Sunny Day is activated or if the Booster Energy is attached,https://www.serebii.net/abilitydex/protosynthesis.shtml
Protosynthesis,Roaring Moon,Boosts the Pokémon's most proficient stat in harsh sunlight or if the Pokémon is holding Booster Energy.,Increases the user's highest stat by 30% while Sunny Day is activated or if the Booster Energy is attached,https://www.serebii.net/abilitydex/protosynthesis.shtml
Protosynthesis,Flutter Mane,Boosts the Pokémon's most proficient stat in harsh sunlight or if the Pokémon is holding Booster Energy.,Increases the user's highest stat by 30% while Sunny Day is activated or if the Booster Energy is attached,https://www.serebii.net/abilitydex/protosynthesis.shtml
Protosynthesis,Great Tusk,Boosts the Pokémon's most proficient stat in harsh sunlight or if the Pokémon is holding Booster Energy.,Increases the user's highest stat by 30% while Sunny Day is activated or if the Booster Energy is attached,https://www.serebii.net/abilitydex/protosynthesis.shtml
Protosynthesis,Brute Bonnet,Boosts the Pokémon's most proficient stat in harsh sunlight or if the Pokémon is holding Booster Energy.,Increases the user's highest stat by 30% while Sunny Day is activated or if the Booster Energy is attached,https://www.serebii.net/abilitydex/protosynthesis.shtml
Protosynthesis,Scream Tail,Boosts the Pokémon's most proficient stat in harsh sunlight or if the Pokémon is holding Booster Energy.,Increases the user's highest stat by 30% while Sunny Day is activated or if the Booster Energy is attached,https://www.serebii.net/abilitydex/protosynthesis.shtml
Protosynthesis,Sandy Shocks,Boosts the Pokémon's most proficient stat in harsh sunlight or if the Pokémon is holding Booster Energy.,Increases the user's highest stat by 30% while Sunny Day is activated or if the Booster Energy is attached,https://www.serebii.net/abilitydex/protosynthesis.shtml
Purifying Salt,Nacli,The Pokémon's pure salt protects it from status conditions and halves the damage taken from Ghost-type moves.,,https://www.serebii.net/abilitydex/purifyingsalt.shtml
Purifying Salt,Naclstack,The Pokémon's pure salt protects it from status conditions and halves the damage taken from Ghost-type moves.,,https://www.serebii.net/abilitydex/purifyingsalt.shtml
Purifying Salt,Garganacl,The Pokémon's pure salt protects it from status conditions and halves the damage taken from Ghost-type moves.,,https://www.serebii.net/abilitydex/purifyingsalt.shtml
Quark Drive,Iron Moth,Boosts the Pokémon's most proficient stat on Electric Terrain or if the Pokémon is holding Booster Energy.,Increases the user's highest stat by 30% while Electric Terrain is activated or if the Booster Energy is attached,https://www.serebii.net/abilitydex/quarkdrive.shtml
Quark Drive,Iron Hands,Boosts the Pokémon's most proficient stat on Electric Terrain or if the Pokémon is holding Booster Energy.,Increases the user's highest stat by 30% while Electric Terrain is activated or if the Booster Energy is attached,https://www.serebii.net/abilitydex/quarkdrive.shtml
Quark Drive,Iron Jugulis,Boosts the Pokémon's most proficient stat on Electric Terrain or if the Pokémon is holding Booster Energy.,Increases the user's highest stat by 30% while Electric Terrain is activated or if the Booster Energy is attached,https://www.serebii.net/abilitydex/quarkdrive.shtml
Quark Drive,Iron Treads,Boosts the Pokémon's most proficient stat on Electric Terrain or if the Pokémon is holding Booster Energy.,Increases the user's highest stat by 30% while Electric Terrain is activated or if the Booster Energy is attached,https://www.serebii.net/abilitydex/quarkdrive.shtml
Quark Drive,Iron Bundle,Boosts the Pokémon's most proficient stat on Electric Terrain or if the Pokémon is holding Booster Energy.,Increases the user's highest stat by 30% while Electric Terrain is activated or if the Booster Energy is attached,https://www.serebii.net/abilitydex/quarkdrive.shtml
Quark Drive,Iron Valiant,Boosts the Pokémon's most proficient stat on Electric Terrain or if the Pokémon is holding Booster Energy.,Increases the user's highest stat by 30% while Electric Terrain is activated or if the Booster Energy is attached,https://www.serebii.net/abilitydex/quarkdrive.shtml
Quark Drive,Iron Thorns,Boosts the Pokémon's most proficient stat on Electric Terrain or if the Pokémon is holding Booster Energy.,Increases the user's highest stat by 30% while Electric Terrain is activated or if the Booster Energy is attached,https://www.serebii.net/abilitydex/quarkdrive.shtml
Rattled,Wugtrio,"Dark-, Ghost-, and Bug-type moves scare the Pokémon and boost its Speed stat.","Speed is raised by one stage when the Pokémon is hit by a Bug-type, Ghost-type or Dark-type move or is Intimidated",https://www.serebii.net/abilitydex/rattled.shtml
Rattled,Dudunsparce,"Dark-, Ghost-, and Bug-type moves scare the Pokémon and boost its Speed stat.","Speed is raised by one stage when the Pokémon is hit by a Bug-type, Ghost-type or Dark-type move or is Intimidated",https://www.serebii.net/abilitydex/rattled.shtml
Rattled,Wiglett,"Dark-, Ghost-, and Bug-type moves scare the Pokémon and boost its Speed stat.","Speed is raised by one stage when the Pokémon is hit by a Bug-type, Ghost-type or Dark-type move or is Intimidated",https://www.serebii.net/abilitydex/rattled.shtml
Rattled,Gimmighoul,"Dark-, Ghost-, and Bug-type moves scare the Pokémon and boost its Speed stat.","Speed is raised by one stage when the Pokémon is hit by a Bug-type, Ghost-type or Dark-type move or is Intimidated",https://www.serebii.net/abilitydex/rattled.shtml
Regenerator,Klawf,Restores a little HP when withdrawn from battle.,"When the Pokémon switches out of battle, up to 33.3% of its maximum Hit Points are restored",https://www.serebii.net/abilitydex/regenerator.shtml
Regenerator,Cyclizar,Restores a little HP when withdrawn from battle.,"When the Pokémon switches out of battle, up to 33.3% of its maximum Hit Points are restored",https://www.serebii.net/abilitydex/regenerator.shtml
Rocky Payload,Bombirdier,Powers up Rock-type moves.,Increases the power of Rock-type moves used by this Pokémon by 50%,https://www.serebii.net/abilitydex/rockypayload.shtml
Run Away,Maschiff,Enables a sure getaway from wild Pokémon.,"Except for trainer battles, can always run from battle. It still cannot switch during Mean Look or Block.",https://www.serebii.net/abilitydex/runaway.shtml
Run Away,Tandemaus,Enables a sure getaway from wild Pokémon.,"Except for trainer battles, can always run from battle. It still cannot switch during Mean Look or Block.",https://www.serebii.net/abilitydex/runaway.shtml
Run Away,Dudunsparce,Enables a sure getaway from wild Pokémon.,"Except for trainer battles, can always run from battle. It still cannot switch during Mean Look or Block.",https://www.serebii.net/abilitydex/runaway.shtml
Sand Rush,Houndstone,Boosts the Pokémon's Speed stat in a sandstorm.,Speed is doubled within a sandstorm,https://www.serebii.net/abilitydex/sandrush.shtml
Sand Veil,Wiglett,Boosts the Pokémon's evasion in a sandstorm.,Raises the Pokémon’s evasion during a sandstorm by one level.,https://www.serebii.net/abilitydex/sandveil.shtml
Sand Veil,Orthworm,Boosts the Pokémon's evasion in a sandstorm.,Raises the Pokémon’s evasion during a sandstorm by one level.,https://www.serebii.net/abilitydex/sandveil.shtml
Sand Veil,Wugtrio,Boosts the Pokémon's evasion in a sandstorm.,Raises the Pokémon’s evasion during a sandstorm by one level.,https://www.serebii.net/abilitydex/sandveil.shtml
Sap Sipper,Farigiraf,"Boosts the Attack stat if hit by a Grass-type move, instead of taking damage.",Attack is raised by one stage when the Pokémon is hit by a Grass-type move. User receives no damage from Grass-type attacks.,https://www.serebii.net/abilitydex/sapsipper.shtml
Scrappy,Flamigo,The Pokémon can hit Ghost-type Pokémon with Normal- and Fighting-type moves.,Allows the Pokémon to hit Ghost-type Pokémon with Normal-type and Fighting-type moves. Blocks Intimidate,https://www.serebii.net/abilitydex/scrappy.shtml
Seed Sower,Arboliva,Turns the ground into Grassy Terrain when the Pokémon is hit by an attack.,,https://www.serebii.net/abilitydex/seedsower.shtml
Serene Grace,Dudunsparce,Boosts the likelihood of additional effects occurring  when attacking.,The chances of a move having a secondary effect is doubled.,https://www.serebii.net/abilitydex/serenegrace.shtml
Sharpness,Veluza,Powers up slicing moves.,Increases the power of Slicing moves used by this Pokémon by 50%,https://www.serebii.net/abilitydex/sharpness.shtml
Shed Skin,Rellor,The Pokémon may heal its own status conditions by shedding its skin.,"Every turn, it has a 1 in 3 chance of healing from a status condition (BURN, PARALYZE, SLEEP, POISON, FREEZE).",https://www.serebii.net/abilitydex/shedskin.shtml
Shed Skin,Cyclizar,The Pokémon may heal its own status conditions by shedding its skin.,"Every turn, it has a 1 in 3 chance of healing from a status condition (BURN, PARALYZE, SLEEP, POISON, FREEZE).",https://www.serebii.net/abilitydex/shedskin.shtml
Sheer Force,Cetoddle,Removes additional effects to increase the power of moves when attacking.,Moves with a secondary effect are increased in power by 30% but lose their secondary effect,https://www.serebii.net/abilitydex/sheerforce.shtml
Sheer Force,Cetitan,Removes additional effects to increase the power of moves when attacking.,Moves with a secondary effect are increased in power by 30% but lose their secondary effect,https://www.serebii.net/abilitydex/sheerforce.shtml
Shell Armor,Klawf,A hard shell protects the Pokémon from critical hits.,Opponent’s moves cannot Critical Hit.,https://www.serebii.net/abilitydex/shellarmor.shtml
Slow Start,Varoom,"For five turns, the Pokémon's Attack and Speed stats are halved.",Attack and Speed is halved during the first five turns since sent out.,https://www.serebii.net/abilitydex/slowstart.shtml
Slush Rush,Cetitan,Boosts the Pokémon's Speed stat in a hailstorm.,Doubles the Pokémon's Speed when Hail is in effect,https://www.serebii.net/abilitydex/slushrush.shtml
Snow Cloak,Cetoddle,Boosts evasion in a hailstorm.,Raises the Pokémon’s evasion during a hailstorm by one level.,https://www.serebii.net/abilitydex/snowcloak.shtml
Speed Boost,Espathra,Its Speed stat is boosted every turn.,Speed increases by one stage at the end of each turn.,https://www.serebii.net/abilitydex/speedboost.shtml
Speed Boost,Flittle,Its Speed stat is boosted every turn.,Speed increases by one stage at the end of each turn.,https://www.serebii.net/abilitydex/speedboost.shtml
Stakeout,Tarountula,Doubles the damage dealt to the target's replacement if the target switches out.,,https://www.serebii.net/abilitydex/stakeout.shtml
Stakeout,Mabosstiff,Doubles the damage dealt to the target's replacement if the target switches out.,,https://www.serebii.net/abilitydex/stakeout.shtml
Stakeout,Spidops,Doubles the damage dealt to the target's replacement if the target switches out.,,https://www.serebii.net/abilitydex/stakeout.shtml
Stakeout,Maschiff,Doubles the damage dealt to the target's replacement if the target switches out.,,https://www.serebii.net/abilitydex/stakeout.shtml
Static,Bellibolt,"The Pokémon is charged with static electricity, so contact with it may cause paralysis.","The opponent has a 30% chance of being induced with PARALYZE when using an attack, that requires physical contact, against this Pokémon.",https://www.serebii.net/abilitydex/static.shtml
Static,Pawmi,"The Pokémon is charged with static electricity, so contact with it may cause paralysis.","The opponent has a 30% chance of being induced with PARALYZE when using an attack, that requires physical contact, against this Pokémon.",https://www.serebii.net/abilitydex/static.shtml
Static,Tadbulb,"The Pokémon is charged with static electricity, so contact with it may cause paralysis.","The opponent has a 30% chance of being induced with PARALYZE when using an attack, that requires physical contact, against this Pokémon.",https://www.serebii.net/abilitydex/static.shtml
Storm Drain,Tatsugiri,"Draws in all Water-type moves. Instead of being hit  by Water-type moves, it boosts its Sp. Atk.",Water-type moves are drawn to this Pokémon. Water-type moves will do no damage and the Pokémon's SP ATK is raised one stage,https://www.serebii.net/abilitydex/stormdrain.shtml
Sturdy,Garganacl,"It cannot be knocked out with one hit. One-hit KO moves cannot knock it out, either.","The Pokémon will remain with 1 HP if it was going to be knocked out by a move when at full Hit Points, and it is immune to One Hit KO moves.",https://www.serebii.net/abilitydex/sturdy.shtml
Sturdy,Nacli,"It cannot be knocked out with one hit. One-hit KO moves cannot knock it out, either.","The Pokémon will remain with 1 HP if it was going to be knocked out by a move when at full Hit Points, and it is immune to One Hit KO moves.",https://www.serebii.net/abilitydex/sturdy.shtml
Sturdy,Naclstack,"It cannot be knocked out with one hit. One-hit KO moves cannot knock it out, either.","The Pokémon will remain with 1 HP if it was going to be knocked out by a move when at full Hit Points, and it is immune to One Hit KO moves.",https://www.serebii.net/abilitydex/sturdy.shtml
Supreme Overlord,Kingambit,"When the Pokémon enters a battle, its Attack and Sp. Atk stats are slightly boosted for each of the allies in its party that have already been defeated.",,https://www.serebii.net/abilitydex/supremeoverlord.shtml
Swarm,Nymble,Powers up Bug-type moves when the Pokémon's HP is low.,"When HP is below 1/3rd its maximum, power of Bug-type moves is increased by 50%.",https://www.serebii.net/abilitydex/swarm.shtml
Swarm,Lokix,Powers up Bug-type moves when the Pokémon's HP is low.,"When HP is below 1/3rd its maximum, power of Bug-type moves is increased by 50%.",https://www.serebii.net/abilitydex/swarm.shtml
Sword of Ruin,Chien-Pao,The power of the Pokémon's ruinous sword lowers the Defense stats of all Pokémon except itself.,,https://www.serebii.net/abilitydex/swordofruin.shtml
Synchronize,Rabsca,"The attacker will receive the same status condition if it inflicts a burn, poison, or paralysis to the Pokémon.","When this Pokémon becomes Poisoned, Paralyzed, or Burned, so does the opponent. However, Fire-type and Water Veil ability Pokémon cannot be Burned, Poison-type and Steel-type and Immunity ability Pokémon cannot be Poisoned, and Limber ability Pokémon cannot be Paralyzed.",https://www.serebii.net/abilitydex/synchronize.shtml
Tablets of Ruin,Wo-Chien,The power of the Pokémon's ruinous wooden tablets lowers the Attack stats of all Pokémon except itself.,,https://www.serebii.net/abilitydex/tabletsofruin.shtml
Tangled Feet,Flamigo,Raises evasion if the Pokémon is confused.,Pokémon’s evasion raises one level when Confused.,https://www.serebii.net/abilitydex/tangledfeet.shtml
Technician,Maushold,Powers up the Pokémon's weaker moves.,Moves with a base power of 60 or less are boosted in power by 50%,https://www.serebii.net/abilitydex/technician.shtml
Telepathy,Rabsca,Anticipates an ally's attack and dodges it.,Prevents damage from team-mates during Double and Triple battles,https://www.serebii.net/abilitydex/telepathy.shtml
Thermal Exchange,Arctibax,Boosts the Attack stat when the Pokémon is hit by a Fire-type move. The Pokémon also cannot be burned.,,https://www.serebii.net/abilitydex/thermalexchange.shtml
Thermal Exchange,Baxcalibur,Boosts the Attack stat when the Pokémon is hit by a Fire-type move. The Pokémon also cannot be burned.,,https://www.serebii.net/abilitydex/thermalexchange.shtml
Thermal Exchange,Frigibax,Boosts the Attack stat when the Pokémon is hit by a Fire-type move. The Pokémon also cannot be burned.,,https://www.serebii.net/abilitydex/thermalexchange.shtml
Thick Fat,Lechonk,"The Pokémon is protected by a layer of thick fat, which halves the damage taken from Fire- and Ice-type moves.",Fire and Ice-type moves deal 50% damage.,https://www.serebii.net/abilitydex/thickfat.shtml
Thick Fat,Cetitan,"The Pokémon is protected by a layer of thick fat, which halves the damage taken from Fire- and Ice-type moves.",Fire and Ice-type moves deal 50% damage.,https://www.serebii.net/abilitydex/thickfat.shtml
Thick Fat,Cetoddle,"The Pokémon is protected by a layer of thick fat, which halves the damage taken from Fire- and Ice-type moves.",Fire and Ice-type moves deal 50% damage.,https://www.serebii.net/abilitydex/thickfat.shtml
Thick Fat,Oinkologne,"The Pokémon is protected by a layer of thick fat, which halves the damage taken from Fire- and Ice-type moves.",Fire and Ice-type moves deal 50% damage.,https://www.serebii.net/abilitydex/thickfat.shtml
Tinted Lens,Lokix,The Pokémon can use “not very effective” moves to deal regular damage. ,The power of “not very effective” moves is doubled.,https://www.serebii.net/abilitydex/tintedlens.shtml
Tinted Lens,Nymble,The Pokémon can use “not very effective” moves to deal regular damage. ,The power of “not very effective” moves is doubled.,https://www.serebii.net/abilitydex/tintedlens.shtml
Torrent,Quaxly,Powers up Water-type moves when the Pokémon's HP is low.,"When HP is below 1/3rd its maximum, power of Water-type moves is increased by 50%.",https://www.serebii.net/abilitydex/torrent.shtml
Torrent,Quaquaval,Powers up Water-type moves when the Pokémon's HP is low.,"When HP is below 1/3rd its maximum, power of Water-type moves is increased by 50%.",https://www.serebii.net/abilitydex/torrent.shtml
Torrent,Quaxwell,Powers up Water-type moves when the Pokémon's HP is low.,"When HP is below 1/3rd its maximum, power of Water-type moves is increased by 50%.",https://www.serebii.net/abilitydex/torrent.shtml
Toxic Debris,Glimmet,Scatters poison spikes at the feet of the opposing team when the Pokémon takes damage from physical moves.,,https://www.serebii.net/abilitydex/toxicdebris.shtml
Toxic Debris,Glimmora,Scatters poison spikes at the feet of the opposing team when the Pokémon takes damage from physical moves.,,https://www.serebii.net/abilitydex/toxicdebris.shtml
Unaware,Fuecoco,"When attacking, the Pokémon ignores the target Pokémon's stat changes.",Foe’s stat modifications are ignored.,https://www.serebii.net/abilitydex/unaware.shtml
Unaware,Crocalor,"When attacking, the Pokémon ignores the target Pokémon's stat changes.",Foe’s stat modifications are ignored.,https://www.serebii.net/abilitydex/unaware.shtml
Unaware,Skeledirge,"When attacking, the Pokémon ignores the target Pokémon's stat changes.",Foe’s stat modifications are ignored.,https://www.serebii.net/abilitydex/unaware.shtml
Unaware,Dondozo,"When attacking, the Pokémon ignores the target Pokémon's stat changes.",Foe’s stat modifications are ignored.,https://www.serebii.net/abilitydex/unaware.shtml
Unaware,Clodsire,"When attacking, the Pokémon ignores the target Pokémon's stat changes.",Foe’s stat modifications are ignored.,https://www.serebii.net/abilitydex/unaware.shtml
Unburden,Shroodle,Boosts the Speed stat if the Pokémon's held item is  used or lost.,Speed is doubled once the held item is consumed.,https://www.serebii.net/abilitydex/unburden.shtml
Unburden,Grafaiai,Boosts the Speed stat if the Pokémon's held item is  used or lost.,Speed is doubled once the held item is consumed.,https://www.serebii.net/abilitydex/unburden.shtml
Vessel of Ruin,Ting-Lu,The power of the Pokémon's ruinous vessel lowers the Sp. Atk stats of all Pokémon except itself.,,https://www.serebii.net/abilitydex/vesselofruin.shtml
Vital Spirit,Annihilape,"The Pokémon is full of vitality, and that prevents it from falling asleep.",The Pokémon cannot be Asleep while having this ability.,https://www.serebii.net/abilitydex/vitalspirit.shtml
Volt Absorb,Kilowattrel,"Restores HP if hit by an Electric-type move, instead of taking damage.",The Pokémon heals up to 1/4 of its maximum Hit Points when hit with Electric-type moves.,https://www.serebii.net/abilitydex/voltabsorb.shtml
Volt Absorb,Pawmot,"Restores HP if hit by an Electric-type move, instead of taking damage.",The Pokémon heals up to 1/4 of its maximum Hit Points when hit with Electric-type moves.,https://www.serebii.net/abilitydex/voltabsorb.shtml
Volt Absorb,Wattrel,"Restores HP if hit by an Electric-type move, instead of taking damage.",The Pokémon heals up to 1/4 of its maximum Hit Points when hit with Electric-type moves.,https://www.serebii.net/abilitydex/voltabsorb.shtml
Volt Absorb,Pawmo,"Restores HP if hit by an Electric-type move, instead of taking damage.",The Pokémon heals up to 1/4 of its maximum Hit Points when hit with Electric-type moves.,https://www.serebii.net/abilitydex/voltabsorb.shtml
Water Absorb,Clodsire,"Restores HP if hit by a Water-type move, instead of taking damage.",The Pokémon heals up to 1/4 of its maximum Hit Points when hit with Water-type moves.,https://www.serebii.net/abilitydex/waterabsorb.shtml
Water Veil,Finizen,"The Pokémon is covered with a water veil, which prevents the Pokémon from getting a burn.",This Pokémon cannot be Burned while having this ability.,https://www.serebii.net/abilitydex/waterveil.shtml
Water Veil,Dondozo,"The Pokémon is covered with a water veil, which prevents the Pokémon from getting a burn.",This Pokémon cannot be Burned while having this ability.,https://www.serebii.net/abilitydex/waterveil.shtml
Weak Armor,Armarouge,Physical attacks to the Pokémon lower its Defense stat but sharply raise its Speed stat.,"When hit by an attack, the Pokémon's Defense is lowered by one stage but Speed is increased by two stages.",https://www.serebii.net/abilitydex/weakarmor.shtml
Weak Armor,Ceruledge,Physical attacks to the Pokémon lower its Defense stat but sharply raise its Speed stat.,"When hit by an attack, the Pokémon's Defense is lowered by one stage but Speed is increased by two stages.",https://www.serebii.net/abilitydex/weakarmor.shtml
Well-Baked Body,Dachsbun,"The Pokémon takes no damage when hit by Fire-type moves. Instead, its Defense stat is sharply boosted.",This Pokémon receives no damage when hit by Fire-type moves and boosts its Defense stat by 2 stages,https://www.serebii.net/abilitydex/well-bakedbody.shtml
Wind Power,Kilowattrel,"The Pokémon becomes charged when it is hit by a wind move, boosting the power of the next Electric-type move the Pokémon uses.",,https://www.serebii.net/abilitydex/windpower.shtml
Wind Power,Wattrel,"The Pokémon becomes charged when it is hit by a wind move, boosting the power of the next Electric-type move the Pokémon uses.",,https://www.serebii.net/abilitydex/windpower.shtml
Wind Rider,Brambleghast,Boosts the Pokémon's Attack stat if Tailwind takes effect or if the Pokémon is hit by a wind move. The Pokémon also takes no damage from wind moves.,,https://www.serebii.net/abilitydex/windrider.shtml
Wind Rider,Bramblin,Boosts the Pokémon's Attack stat if Tailwind takes effect or if the Pokémon is hit by a wind move. The Pokémon also takes no damage from wind moves.,,https://www.serebii.net/abilitydex/windrider.shtml
Zero to Hero,Palafin,The Pokémon transforms into its Hero Form when it switches out.,,https://www.serebii.net/abilitydex/zerotohero.shtml
